{
    "require_version" : "4.4",
    "directory": [],
    "sql_file": "",
    "files": [
      {
          "root_directory"    : "update/update_4.5/application/controllers/Admin.php",
          "update_directory"  : "application/controllers/Admin.php"
      },
      {
          "root_directory"    : "update/update_4.5/application/models/Addon_model.php",
          "update_directory"  : "application/models/Addon_model.php"
      },
      {
          "root_directory"    : "update/update_4.5/application/models/Email_model.php",
          "update_directory"  : "application/models/Email_model.php"
      },
      {
          "root_directory"    : "update/update_4.5/application/views/backend/admin/addon_add.php",
          "update_directory"  : "application/views/backend/admin/addon_add.php"
      },
      {
          "root_directory"    : "update/update_4.5/application/views/backend/admin/addon_update.php",
          "update_directory"  : "application/views/backend/admin/addon_update.php"
      },
      {
          "root_directory"    : "update/update_4.5/application/views/backend/admin/addons.php",
          "update_directory"  : "application/views/backend/admin/addons.php"
      },
      {
          "root_directory"    : "update/update_4.5/application/views/frontend/default/animated-page-loader.php",
          "update_directory"  : "application/views/frontend/default/animated-page-loader.php"
      },
      {
          "root_directory"    : "update/update_4.5/application/views/frontend/default/home.php",
          "update_directory"  : "application/views/frontend/default/home.php"
      },
      {
          "root_directory"    : "update/update_4.5/application/views/frontend/default/index.php",
          "update_directory"  : "application/views/frontend/default/index.php"
      },
      {
          "root_directory"    : "update/update_4.5/application/views/frontend/default/menu.php",
          "update_directory"  : "application/views/frontend/default/menu.php"
      }
    ]
  }