{
  "require_version" : "5.1",
  "directory": [],
  "sql_file": "",
  "libraries": [
    {
      "root_directory": "update/update_5.2/application/libraries/facebook-sdk-5.x.zip",
      "update_directory": "application/libraries/facebook-sdk-5.x.zip"
    }
  ],
  "files": [
    {
        "root_directory"    : "update/update_5.2/application/controllers/Admin.php",
        "update_directory"  : "application/controllers/Admin.php"
    },
    {
        "root_directory"    : "update/update_5.2/application/controllers/Home.php",
        "update_directory"  : "application/controllers/Home.php"
    },
    {
        "root_directory"    : "update/update_5.2/application/controllers/User.php",
        "update_directory"  : "application/controllers/User.php"
    },
    {
        "root_directory"    : "update/update_5.2/application/controllers/Updater.php",
        "update_directory"  : "application/controllers/Updater.php"
    },
    {
        "root_directory"    : "update/update_5.2/application/controllers/Login.php",
        "update_directory"  : "application/controllers/Login.php"
    },
    {
        "root_directory"    : "update/update_5.2/application/helpers/common_helper.php",
        "update_directory"  : "application/helpers/common_helper.php"
    },
    {
        "root_directory"    : "update/update_5.2/application/models/Crud_model.php",
        "update_directory"  : "application/models/Crud_model.php"
    },
    {
        "root_directory"    : "update/update_5.2/application/models/Email_model.php",
        "update_directory"  : "application/models/Email_model.php"
    },
    {
        "root_directory"    : "update/update_5.2/application/models/Social_login_modal.php",
        "update_directory"  : "application/models/Social_login_modal.php"
    },
    {
        "root_directory"    : "update/update_5.2/application/config/autoload.php",
        "update_directory"  : "application/config/autoload.php"
    },
    {
        "root_directory"    : "update/update_5.2/application/views/backend/header.php",
        "update_directory"  : "application/views/backend/header.php"
    },
    {
        "root_directory"    : "update/update_5.2/application/views/backend/admin/course_edit.php",
        "update_directory"  : "application/views/backend/admin/course_edit.php"
    },
    {
        "root_directory"    : "update/update_5.2/application/views/backend/admin/frontend_settings.php",
        "update_directory"  : "application/views/backend/admin/frontend_settings.php"
    },
    {
        "root_directory"    : "update/update_5.2/application/views/backend/admin/lesson_add.php",
        "update_directory"  : "application/views/backend/admin/lesson_add.php"
    },
    {
        "root_directory"    : "update/update_5.2/application/views/backend/admin/lesson_edit.php",
        "update_directory"  : "application/views/backend/admin/lesson_edit.php"
    },
    {
        "root_directory"    : "update/update_5.2/application/views/backend/admin/lesson_types.php",
        "update_directory"  : "application/views/backend/admin/lesson_types.php"
    },
    {
        "root_directory"    : "update/update_5.2/application/views/backend/admin/manage_profile.php",
        "update_directory"  : "application/views/backend/admin/manage_profile.php"
    },
    {
        "root_directory"    : "update/update_5.2/application/views/backend/admin/navigation.php",
        "update_directory"  : "application/views/backend/admin/navigation.php"
    },
    {
        "root_directory"    : "update/update_5.2/application/views/backend/admin/social_login.php",
        "update_directory"  : "application/views/backend/admin/social_login.php"
    },
    {
        "root_directory"    : "update/update_5.2/application/views/backend/admin/text_type_lesson_add.php",
        "update_directory"  : "application/views/backend/admin/text_type_lesson_add.php"
    },
    {
        "root_directory"    : "update/update_5.2/application/views/backend/admin/text_type_lesson_edit.php",
        "update_directory"  : "application/views/backend/admin/text_type_lesson_edit.php"
    },
    {
        "root_directory"    : "update/update_5.2/application/views/backend/user/text_type_lesson_add.php",
        "update_directory"  : "application/views/backend/user/text_type_lesson_add.php"
    },
    {
        "root_directory"    : "update/update_5.2/application/views/backend/user/text_type_lesson_edit.php",
        "update_directory"  : "application/views/backend/user/text_type_lesson_edit.php"
    },
    {
        "root_directory"    : "update/update_5.2/application/views/backend/user/lesson_add.php",
        "update_directory"  : "application/views/backend/user/lesson_add.php"
    },
    {
        "root_directory"    : "update/update_5.2/application/views/backend/user/lesson_edit.php",
        "update_directory"  : "application/views/backend/user/lesson_edit.php"
    },
    {
        "root_directory"    : "update/update_5.2/application/views/backend/user/lesson_types.php",
        "update_directory"  : "application/views/backend/user/lesson_types.php"
    },
    {
        "root_directory"    : "update/update_5.2/application/views/backend/user/course_edit.php",
        "update_directory"  : "application/views/backend/user/course_edit.php"
    },
    {
        "root_directory"    : "update/update_5.2/application/views/frontend/default/common_scripts.php",
        "update_directory"  : "application/views/frontend/default/common_scripts.php"
    },
    {
        "root_directory"    : "update/update_5.2/application/views/frontend/default/course_page.php",
        "update_directory"  : "application/views/frontend/default/course_page.php"
    },
    {
        "root_directory"    : "update/update_5.2/application/views/frontend/default/facebook_login.php",
        "update_directory"  : "application/views/frontend/default/facebook_login.php"
    },
    {
        "root_directory"    : "update/update_5.2/application/views/frontend/default/footer.php",
        "update_directory"  : "application/views/frontend/default/footer.php"
    },
    {
        "root_directory"    : "update/update_5.2/application/views/frontend/default/home.php",
        "update_directory"  : "application/views/frontend/default/home.php"
    },
    {
        "root_directory"    : "update/update_5.2/application/views/frontend/default/includes_bottom.php",
        "update_directory"  : "application/views/frontend/default/includes_bottom.php"
    },
    {
        "root_directory"    : "update/update_5.2/application/views/frontend/default/logged_in_header.php",
        "update_directory"  : "application/views/frontend/default/logged_in_header.php"
    },
    {
        "root_directory"    : "update/update_5.2/application/views/frontend/default/login.php",
        "update_directory"  : "application/views/frontend/default/login.php"
    },
    {
        "root_directory"    : "update/update_5.2/application/views/frontend/default/preview_free_lesson.php",
        "update_directory"  : "application/views/frontend/default/preview_free_lesson.php"
    },
    {
        "root_directory"    : "update/update_5.2/application/views/frontend/default/refund_policy.php",
        "update_directory"  : "application/views/frontend/default/refund_policy.php"
    },
    {
        "root_directory"    : "update/update_5.2/application/views/frontend/default/shopping_cart.php",
        "update_directory"  : "application/views/frontend/default/shopping_cart.php"
    },
    {
        "root_directory"    : "update/update_5.2/application/views/frontend/default/sign_up.php",
        "update_directory"  : "application/views/frontend/default/sign_up.php"
    },
    {
        "root_directory"    : "update/update_5.2/application/views/lessons/course_content_sidebar.php",
        "update_directory"  : "application/views/lessons/course_content_sidebar.php"
    },
    {
        "root_directory"    : "update/update_5.2/application/views/lessons/general_course_content_body.php",
        "update_directory"  : "application/views/lessons/general_course_content_body.php"
    },
    {
        "root_directory"    : "update/update_5.2/assets/backend/css/main.css",
        "update_directory"  : "assets/backend/css/main.css"
    },
    {
        "root_directory"    : "update/update_5.2/assets/backend/js/custom.js",
        "update_directory"  : "assets/backend/js/custom.js"
    },
    {
        "root_directory"    : "update/update_5.2/assets/frontend/default/css/main.css",
        "update_directory"  : "assets/frontend/default/css/main.css"
    }
  ]
}